Company Name,Address
Nexora Tech LLC,"Doha Qatar Office No. 8, Floor No. 1 QFC Tower 1"
Fercademy LLC,"Doha Qatar Office No. 8, Floor No. 1 QFC Tower 1"
Dods LLC,"Doha Qatar Office No. 8, Floor No. 1 QFC Tower 1"
Mashariki Strategic Partners LLC,"Doha Qatar Office No. 8, Floor No. 4 The Gate Tower 4"
Malath app LLC,"Doha Qatar Office No. 8, Floor No. 1 QFC Tower 1"
Ceiba LLC,"Doha Qatar Office No. 8, Floor No. 1 QFC Tower 1"
Unibench LLC,"Doha Qatar Office No. 8, Floor No. 1 QFC Tower 1"
Axara LLC,"Doha Qatar Office No. 8, Floor No. 1 QFC Tower 1"
Bravo for IT and Marketing Solutions LLC,Doha Qatar Dedicated Desk Tornado Tower - Servcorp Qatar LLC
Ten Fold Advisors LLC,Doha Qatar Servcorp - Dedicated Desk Tornado Tower
DataDeep LLC,"Doha Qatar Office No. 8, Floor No. 1 QFC Tower 1"
Artificial Intelligence Gateway LLC,"Doha Qatar Office No. 8, Floor No. 1 QFC Tower 1"
VENUS BIOTECNOLOGY DOHA LLC,"Doha Qatar Office No. 8, Floor No. 1 QFC Tower 1"
Ripple Digital Solutions LLC,Doha Qatar Dedicated Desk Tornado Tower - Servcorp Qatar LLC
INVICURE LLC,"Doha Qatar Office No. 8, Floor No. 1 QFC Tower 1"
Darb Technologies LLC,"Doha Qatar Office No. 8, Floor No. 1 QFC Tower 1"
VMIG Holding LLC,"Doha Qatar Office No. 712, Floor No. 7 Retaj Business Centre, No. 185"
Teknoverse LLC,"Doha Qatar Office No. 8, Floor No. 1 QFC Tower 1"
TAT and Co Consulting LLC,"Doha Qatar Office No. 115-116, Floor No. 1 Regus Business Centre, No. 67"
GHB Business Entrepreneurs LLC,"Qatar Office No.BL12, Floor No.22, Servcorp Tornado Tower, No. 17"
PROMONTORIO Doha LLC,"Qatar Office No. 115- 116Register02, Floor No. 1 Regus AL Jaidah Business Centre"
LeanGains LLC,"Doha Qatar Office No. 8, Floor No. 1 QFC Tower 1"
Holding 222 LLC,"Doha Qatar C/O Newoon LLC Office No. 103 Reg -3, Floor No. 1 Regus Business Centre, No. 67"
Starbane LLC,"Doha Qatar C/O Media City Qatar Floor No. 16, Tornado Tower, No. 17"
GWC Sukuk Limited LLC,"Doha Qatar Office No. 506, Floor No. 5 Y Tower, Street No. 305, Area No. 69, Al Edd Al Sharqi Street, Lusail"
EJAD LLC,"Doha Qatar Office No. 8, Floor No. 1 QFC Tower 1"
Digibit LLC,"Doha Qatar Office No. 8, Floor No. 1 QFC Tower 1"
Lunardv LLC,"Doha Qatar Office No. 8, Floor No. 1 QFC Tower 1"
SAMA ART LLC,"Doha Qatar C/O Media City Qatar Floor No. 16, Tornado Tower, No. 17"
Embracive EHS Solutions LLC,"Doha Qatar Office No. 8, Floor No. 1 QFC Tower 1"
,
,
,
,
,
,
,
,
Zaker Technologies LLC,"Doha Qatar Office No. 8, Floor No. 1 QFC Tower 1"
AIVOLUTION LLC,"Doha Qatar Office No. 8, Floor No. 1 QFC Tower 1"
Sparkiaa LLC,"Doha Qatar C/O Media City Qatar Floor No. 16, Tornado Tower, No. 17"
Aqvest Holdings LLC,"Doha Qatar Office No. 1416Register06, Floor No. 14 Al Fardan Office Towers, No. 12"
Tartego LLC,"Doha Qatar C/O Media City Qatar Floor No. 16, Tornado Tower, No. 17"
Pricera LLC,"Doha Qatar Office No. 21BL88, Floor No. 21 Doha Tower West Bay"
Bloom Consulting LLC,"Doha Qatar Office No. 8, Floor No. 1 QFC Tower 1"
Omonat neo LLC,"Doha Qatar Office No. 8, Floor No. 1 QFC Tower 1"
DeLIFTED TECHNOLOGIES LLC,"Doha Qatar Office No. 8, Floor No. 1 QFC Tower 1"
Almana Studios LLC,"Doha Qatar C/O Media City Qatar Floor No. 16, Tornado Tower, No. 17"
Mavara technology LLC,"Doha Qatar C/O Media City Qatar Floor No. 16, Tornado Tower, No. 17"
Serendipity LLC,"Doha Qatar Office No. 8, Floor No. 1 QFC Tower 1"
GRSIA Holding LLC,"Doha Qatar Office No. 8, Floor No. 1 QFC Tower 1"
Gulf Corporate Advisory LLC,"Doha Qatar Office No. 8, Floor No. 1 QFC Tower 1"
DABAR LLC,"Doha Qatar Office No. 950-949 Register 8, Floor No. 8 Al Fardan Office Towers, No. 12"
The Thrive Drive LLC,"Doha Qatar C/O Media City Qatar Floor No. 16, Tornado Tower, No. 17"
LaunchPad LLC,"Doha Qatar Office No. 8, Floor No. 1 QFC Tower 1"
One Connect LLC,"Doha Qatar Office No. 8, Floor No. 1 QFC Tower 1"
Bayt Technologies LLC,"Doha Qatar Office No. 8, Floor No. 1 QFC Tower 1"
DoAdvertsisng LLC,"Doha Qatar C/O Media City Qatar Floor No. 16, Tornado Tower, No. 17"
HezayaH Production LLC,"Doha Qatar C/O Media City Qatar Floor No. 16, Tornado Tower, No. 17"
Levin Riegner Gulf LLC,"Doha Qatar Office No. 8, Floor No. 1 QFC Tower 1"
Alpha FMC Middle East LLC,"Lusail Qatar C/o TMF Group LLC, Office No. 506, Floor No. 5 Y Tower, Street No. 305, Area No. 69, Al Edd Al Sharqi Street"
Finovus Digital LLC,"Doha Qatar Office No. 8, Floor No. 1 QFC Tower 1"
MaxOps LLC,"Doha Qatar Office No. 8, Floor No. 1 QFC Tower 1"
Wadeh TV LLC,"Doha Qatar C/O Media City Qatar Floor No. 16, Tornado Tower, No. 17"
The Owl FILMS LLC,"Doha Qatar C/O Media City Qatar Floor No. 16, Tornado Tower, No. 17"
HealthyPath LLC,"Doha Qatar Office No. 8, Floor No. 1 QFC Tower 1"
RapidDx BioTech LLC,"Doha Qatar Office No. 8, Floor No. 1 QFC Tower 1"
Triosuite LLC,"Doha Qatar Office No. 8, Floor No. 1 QFC Tower 1"
,
,
,
,
,
,
,
,
